{
  "Random Forest": {
    "accuracy": 0.999930094372597,
    "f1_score": 0.9999370277078086,
    "precision": 0.9999685128624957,
    "recall": 0.9999055445357514,
    "fpr": 3.9278840488628774e-05,
    "auc_roc": 0.9999999962898989,
    "train_time_s": 60.686681032180786,
    "confusion_matrix": {
      "TN": 25458,
      "FP": 1,
      "FN": 3,
      "TP": 31758
    }
  },
  "XGBoost": {
    "accuracy": 0.9999650471862985,
    "f1_score": 0.9999685148452505,
    "precision": 0.9999685148452505,
    "recall": 0.9999685148452505,
    "fpr": 3.9278840488628774e-05,
    "auc_roc": 0.9999999950531985,
    "train_time_s": 18.35515546798706,
    "confusion_matrix": {
      "TN": 25458,
      "FP": 1,
      "FN": 1,
      "TP": 31760
    }
  },
  "Isolation Forest": {
    "accuracy": 0.681999300943726,
    "f1_score": 0.7333528722157092,
    "precision": 0.6859288905945886,
    "recall": 0.7878215421428796,
    "fpr": 0.45001767547821986,
    "auc_roc": 0.0,
    "train_time_s": 5.117805242538452,
    "confusion_matrix": {
      "TN": 14002,
      "FP": 11457,
      "FN": 6739,
      "TP": 25022
    }
  }
}